Parliamentary Constituency,PC_no,State,Winning Candidate,Party,Total_electors,Total_votes,Turnout,Margin,Margin_Percent
Adilabad,1,Telangana,Godam Nagesh,Bharatiya Janta Party,"16,50,175","12,35,597",74.9 %,"90,652",7.3%
Agra,18,Uttar Pradesh,Prof S P Singh Baghel,Bharatiya Janta Party,"20,72,685","11,23,779",54.2 %,"2,71,294",24.1%
Ahmadnagar,37,Maharashtra,Nilesh Dnyandev Lanke,Nationalist Congress Party – Sharadchandra Pawar,"19,81,866","13,25,477",66.9 %,"28,929",2.2%
Ahmedabad East,7,Gujarat,Hasmukhbhai Patel (H.S.PATEL),Bharatiya Janta Party,"20,38,162","11,28,339",55.4 %,"4,61,755",40.9%
Ahmedabad West,8,Gujarat,Dineshbhai Makwana (ADVOCATE),Bharatiya Janta Party,"17,26,987","9,66,646",56.0 %,"2,86,437",29.6%
Ajmer,13,Rajasthan,Bhagirath Choudhary,Bharatiya Janta Party,"19,95,699","12,1,179",60.2 %,"3,29,991",27.5%
Akbarpur,44,Uttar Pradesh,Devendra Singh Alias Bhole Singh,Bharatiya Janta Party,"18,69,167","1,86,953",58.2 %,"44,345",4.1%
Akola,6,Maharashtra,Anup Sanjay Dhotre,Bharatiya Janta Party,"18,90,814","11,73,72",62.0 %,"40,626",3.5%
Alappuzha,15,Kerala,K. C Venugopal,Indian National Congress,"14,00,082","1,58,73",75.6 %,"63,513",6.0%
Alathur,9,Kerala,K.Radhakrishnan,Communist Party Of India (Marxist),"13,37,496","9,92,268",74.2 %,"20,111",2.0%
Aligarh,15,Uttar Pradesh,Satish Kumar Gautam,Bharatiya Janta Party,"19,97,234","11,33,366",56.7 %,"15,647",1.4%
Alipurduars,2,West Bengal,Manoj Tigga,Bharatiya Janta Party,"17,73,252","14,21,389",80.2 %,"75,447",5.3%
Allahabad,52,Uttar Pradesh,Ujjwal Raman Singh,Indian National Congress,"18,25,730","9,47,",51.9 %,"58,795",6.2%
Almora,3,Uttarakhand,Ajay Tamta,Bharatiya Janta Party,"13,39,327","6,68,497",49.9 %,"2,34,097",35.0%
Alwar,8,Rajasthan,Bhupender Yadav,Bharatiya Janta Party,"20,59,888","12,53,438",60.9 %,"48,282",3.9%
Amalapuram,7,Andhra Pradesh,G M Harish (BALAYOGI),Telugu Desam,"15,31,410","13,1,16",85.0 %,"3,42,196",26.3%
Ambala,1,Haryana,Varun Chaudhry,Indian National Congress,"19,96,708","13,46,722",67.5 %,"49,036",3.6%
Ambedkar Nagar,55,Uttar Pradesh,Lalji Verma,Samajwadi Party,"19,11,297","11,77,62",61.6 %,"1,37,247",11.7%
Amethi,37,Uttar Pradesh,Kishori Lal,Indian National Congress,"17,96,098","9,8,671",54.6 %,"1,67,196",17.0%
Amravati,7,Maharashtra,Balwant Baswant Wankhade,Indian National Congress,"18,36,078","11,73,579",63.9 %,"19,731",1.7%
Amreli,14,Gujarat,Bharatbhai Manubhai Sutariya,Bharatiya Janta Party,"17,32,810","8,76,426",50.6 %,"3,21,068",36.6%
Amritsar,2,Punjab,Gurjeet Singh Aujla,Indian National Congress,"16,11,263","9,5,656",56.2 %,"40,301",4.4%
Amroha,9,Uttar Pradesh,Kanwar Singh Tanwar,Bharatiya Janta Party,"17,16,641","11,1,69",64.7 %,"28,670",2.6%
Anakapalli,5,Andhra Pradesh,C.M.Ramesh,Bharatiya Janta Party,"15,96,916","13,25,332",83.0 %,"2,96,530",22.4%
Anand,16,Gujarat,Mitesh Patel (BAKABHAI),Bharatiya Janta Party,"17,80,182","11,67,969",65.6 %,"89,939",7.7%
Anandpur Sahib,6,Punjab,Malvinder Singh Kang,Aam Aadmi Party,"17,32,211","1,77,123",62.2 %,"10,846",1.0%
Anantapur,19,Andhra Pradesh,Ambica G Lakshminarayana Valmiki,Telugu Desam,"17,67,591","14,4,428",81.5 %,"1,88,555",13.1%
Anantnag,3,Jammu and Kashmir,Mian Altaf Ahmad,Jammu and Kashmir National Conference,"18,36,576","1,26,148",55.9 %,"2,81,794",27.5%
Andaman And Nicobar Islands,1,Andaman & Nicobar Islands,Bishnu Pada Ray,Bharatiya Janta Party,"3,15,148","2,2,514",64.3 %,"24,396",12.0%
Aonla,24,Uttar Pradesh,Neeraj Maurya,Samajwadi Party,"18,91,713","1,88,896",57.6 %,"15,969",1.5%
Arakkonam,7,Tamil Nadu,S Jagathratchakan,Dravida Munnetra Kazhagam,"15,62,871","11,63,822",74.5 %,"3,06,559",26.3%
Arambagh,29,West Bengal,Bag Mitali,All India Trinamool Congress,"18,83,266","15,59,79",82.8 %,"6,399",0.4%
Arani,12,Tamil Nadu,Tharaniventhan M S,Dravida Munnetra Kazhagam,"14,96,118","11,4,261",76.2 %,"2,08,766",18.3%
Araria,9,Bihar,Pradeep Kumar Singh,Bharatiya Janta Party,"20,18,767","12,52,56",62.1 %,"20,094",1.6%
Arrah,32,Bihar,Sudama Prasad,Communist Party Of India (Marxist-Leninist) (Liberation),"21,65,574","1,96,561",50.6 %,"59,808",5.5%
Aruku,1,Andhra Pradesh,Gumma Thanuja Rani,Yuvajana Sramika Rythu Congress Party,"15,54,633","11,64,445",74.9 %,"50,580",4.3%
Arunachal East,2,Arunachal Pradesh,Tapir Gao,Bharatiya Janta Party,"3,75,310","3,23,443",86.2 %,"30,421",9.4%
Arunachal West,1,Arunachal Pradesh,Kiren Rijiju,Bharatiya Janta Party,"5,17,384","3,99,84",77.3 %,"1,00,738",25.2%
Asansol,40,West Bengal,Shatrughan Prasad Sinha,All India Trinamool Congress,"17,70,281","13,1,54",73.5 %,"59,564",4.6%
Aska,19,Odisha,Anita Subhadarshini,Bharatiya Janta Party,"16,20,974","1,17,914",62.8 %,"99,974",9.8%
Attingal,19,Kerala,Adv Adoor Prakash,Indian National Congress,"13,96,807","9,85,341",70.5 %,684,0.1%
Aurangabad,37,Bihar,Abhay Kumar Sinha,Rashtriya Janata Dal,"18,71,564","9,45,88",50.5 %,"79,111",8.4%
Aurangabad,19,Maharashtra,Bhumare Sandipanrao Asaram,Shiv Sena,"20,59,710","13,2,197",63.2 %,"1,34,650",10.3%
Azamgarh,69,Uttar Pradesh,Dharmendra Yadav,Samajwadi Party,"18,68,165","1,54,52",56.5 %,"1,61,035",15.3%
Badaun,23,Uttar Pradesh,Aditya Yadav,Samajwadi Party,"20,08,758","1,91,764",54.4 %,"34,991",3.2%
Bagalkot,3,Karnataka,Gaddigoudar Parvatagouda Chandanagouda,Bharatiya Janta Party,"18,06,183","13,17,561",73.0 %,"68,399",5.2%
Baghpat,11,Uttar Pradesh,Dr Rajkumar Sangwan,Rashtriya Lok Dal,"16,53,146","9,33,773",56.5 %,"1,59,459",17.1%
Baharaich,56,Uttar Pradesh,Anand Kumar,Bharatiya Janta Party,"18,38,684","1,56,566",57.5 %,"64,227",6.1%
Baharampur,10,West Bengal,Pathan Yusuf,All India Trinamool Congress,"17,83,078","13,84,77",77.7 %,"85,022",6.1%
Balaghat,15,Madhya Pradesh,Bharti Pardhi,Bharatiya Janta Party,"18,73,653","13,82,28",73.8 %,"1,74,512",12.6%
Balasore,6,Odisha,Pratap Chandra Sarangi,Bharatiya Janta Party,"16,08,014","12,39,635",77.1 %,"1,47,156",11.9%
Ballia,72,Uttar Pradesh,Sanatan Pandey,Samajwadi Party,"19,23,645","1,7,322",52.4 %,"43,384",4.3%
Balurghat,6,West Bengal,Sukanta Majumdar,Bharatiya Janta Party,"15,61,966","12,37,38",79.2 %,"10,386",0.8%
Banaskantha,2,Gujarat,Geniben Nagaji Thakor,Indian National Congress,"19,61,924","13,75,93",70.1 %,"30,406",2.2%
Banda,48,Uttar Pradesh,Krishna Devi Shivshanker Patel,Samajwadi Party,"17,47,425","1,44,132",59.8 %,"71,210",6.8%
Bangalore Cent,25,Karnataka,P C Mohan,Bharatiya Janta Party,"24,33,751","13,16,51",54.1 %,"32,707",2.5%
Bangalore Nort,24,Karnataka,Shobha Karandlaje,Bharatiya Janta Party,"32,14,496","17,52,54",54.5 %,"2,59,476",14.8%
Bangalore Rura,23,Karnataka,Dr C N Manjunath,Bharatiya Janta Party,"28,02,580","19,19,54",68.5 %,"2,69,647",14.0%
Bangalore Sout,26,Karnataka,Tejasvi Surya,Bharatiya Janta Party,"23,41,759","12,49,342",53.4 %,"2,77,083",22.2%
Bangaon,14,West Bengal,Shantanu Thakur,Bharatiya Janta Party,"18,36,374","14,93,18",81.3 %,"73,693",4.9%
Banka,27,Bihar,Giridhari Yadav,Janata Dal (United),"18,56,566","1,14,155",54.6 %,"1,03,844",10.2%
Bankura,36,West Bengal,Arup Chakraborty,All India Trinamool Congress,"17,80,580","14,47,674",81.3 %,"32,778",2.3%
Bansgaon,67,Uttar Pradesh,Kamlesh Paswan,Bharatiya Janta Party,"18,20,854","9,44,763",51.9 %,"3,150",0.3%
Banswara,20,Rajasthan,Raj Kumar Roat,Bharat Adivasi Party,"22,00,438","16,36,852",74.4 %,"2,47,054",15.1%
Bapatla,15,Andhra Pradesh,Krishna Prasad Tenneti,Telugu Desam,"15,06,354","13,,745",86.4 %,"2,08,031",16.0%
Barabanki,53,Uttar Pradesh,Tanuj Punia,Indian National Congress,"19,18,491","12,9,634",67.3 %,"2,15,704",16.7%
Baramati,35,Maharashtra,Supriya Sule,Nationalist Congress Party – Sharadchandra Pawar,"23,72,668","14,12,349",59.5 %,"1,58,333",11.2%
Baramulla,1,Jammu and Kashmir,Abdul Rashid Sheikh,Independent,"17,37,865","1,33,9",59.5 %,"2,04,142",19.7%
Barasat,17,West Bengal,Kakoli Ghosh Dastidar,All India Trinamool Congress,"19,05,400","15,32,61",80.4 %,"1,14,189",7.5%
Bardhaman Purb,38,West Bengal,Dr. Sharmila Sarkar,All India Trinamool Congress,"18,01,333","14,97,31",83.1 %,"1,60,572",10.7%
Bardoli,23,Gujarat,Parbhubhai Nagarbhai Vasava,Bharatiya Janta Party,"20,48,408","13,39,333",65.4 %,"2,30,253",17.2%
Bareilly,25,Uttar Pradesh,Chhatra Pal Singh Gangwar,Bharatiya Janta Party,"19,24,434","11,19,558",58.2 %,"34,804",3.1%
Bargarh,1,Odisha,Pradeep Purohit,Bharatiya Janta Party,"16,31,974","13,9,864",80.3 %,"2,51,667",19.2%
Barmer,17,Rajasthan,Ummeda Ram Beniwal,Indian National Congress,"22,06,237","16,88,51",76.5 %,"1,18,176",7.0%
Barpeta,3,Assam,Phani Bhusan Choudhury,Asom Gana Parishad,"19,66,847","16,85,943",85.7 %,"2,22,351",13.2%
Barrackpore,15,West Bengal,Partha Bhowmick,All India Trinamool Congress,"15,08,728","11,41,86",75.7 %,"64,438",5.6%
Basirhat,18,West Bengal,Sk Nurul Islam,All India Trinamool Congress,"18,04,261","15,23,41",84.4 %,"3,33,547",21.9%
Bastar,10,Chhattisgarh,Mahesh Kashyap,Bharatiya Janta Party,"14,72,207","1,7,395",68.4 %,"55,245",5.5%
Basti,61,Uttar Pradesh,Ram Prasad Chaudhary,Samajwadi Party,"19,02,898","1,82,87",56.9 %,"1,00,994",9.3%
Bathinda,11,Punjab,Harsimrat Kaur Badal,Shiromani Akali Dal,"16,51,188","11,51,17",69.7 %,"49,656",4.3%
Beed,39,Maharashtra,Bajrang Manohar Sonwane,Nationalist Congress Party – Sharadchandra Pawar,"21,42,547","15,22,295",71.1 %,"6,553",0.4%
Begusarai,24,Bihar,Giriraj Singh,Bharatiya Janta Party,"21,96,089","12,94,673",59.0 %,"81,480",6.3%
Belgaum,2,Karnataka,Jagadish Shettar,Bharatiya Janta Party,"19,23,788","13,83,889",71.9 %,"1,78,437",12.9%
Bellary,9,Karnataka,E. Tukaram,Indian National Congress,"18,84,040","13,89,914",73.8 %,"98,992",7.1%
Berhampur,20,Odisha,Dr. Pradeep Kumar Panigrahy,Bharatiya Janta Party,"15,91,380","1,42,923",65.5 %,"1,65,476",15.9%
Betul,29,Madhya Pradesh,Durgadas (D. D.) UIKEY,Bharatiya Janta Party,"18,95,331","13,96,2",73.7 %,"3,79,761",27.2%
Bhadohi,78,Uttar Pradesh,Dr. Vinod Kumar Bind,Bharatiya Janta Party,"20,37,925","1,84,993",53.2 %,"44,072",4.1%
Bhadrak,7,Odisha,Avimanyu Sethi,Bharatiya Janta Party,"17,70,915","12,97,377",73.3 %,"91,544",7.1%
Bhagalpur,26,Bihar,Ajay Kumar Mandal,Janata Dal (United),"19,83,031","1,64,81",53.7 %,"1,04,868",9.9%
Bhandara - Gon,11,Maharashtra,Dr. Prashant Yadaorao Padole,Indian National Congress,"18,27,188","12,35,73",67.6 %,"37,380",3.0%
Bharatpur,9,Rajasthan,Sanjna Jatav,Indian National Congress,"21,14,916","11,33,",53.6 %,"51,983",4.6%
Bharuch,22,Gujarat,Mansukhbhai Dhanjibhai Vasava,Bharatiya Janta Party,"17,23,353","11,98,964",69.6 %,"85,696",7.1%
Bhavnagar,15,Gujarat,Nimuben Jayantibhai Bambhaniya (NIMUBEN BAMBHANIYA),Bharatiya Janta Party,"19,16,900","1,47,232",54.6 %,"4,55,289",43.5%
Bhilwara,23,Rajasthan,Damodar Agarwal,Bharatiya Janta Party,"21,47,159","13,4,395",60.8 %,"3,54,606",27.2%
Bhind,2,Madhya Pradesh,Sandhya Ray,Bharatiya Janta Party,"19,00,654","1,49,7",55.2 %,"64,840",6.2%
Bhiwandi,23,Maharashtra,Balya Mama - Suresh Gopinath Mhatre,Nationalist Congress Party – Sharadchandra Pawar,"20,87,244","12,53,399",60.1 %,"66,121",5.3%
Bhiwani-Mahend,8,Haryana,Dharambir Singh,Bharatiya Janta Party,"17,93,029","11,83,395",66.0 %,"41,510",3.5%
Bhongir,14,Telangana,Chamala Kiran Kumar Reddy,Indian National Congress,"18,08,585","14,1,396",77.5 %,"2,22,170",15.9%
Bhopal,19,Madhya Pradesh,Alok Sharma,Bharatiya Janta Party,"23,39,411","14,98,285",64.1 %,"5,01,499",33.5%
Bhubaneswar,18,Odisha,Aparajita Sarangi,Bharatiya Janta Party,"16,72,774","1,82,215",64.7 %,"35,152",3.2%
Bidar,7,Karnataka,Sagar Eshwar Khandre,Indian National Congress,"18,92,962","12,42,322",65.6 %,"1,28,875",10.4%
Bijapur,4,Karnataka,Ramesh Jigajinagi,Bharatiya Janta Party,"19,46,090","12,96,114",66.6 %,"77,229",6.0%
Bijnor,4,Uttar Pradesh,Chandan Chauhan,Rashtriya Lok Dal,"17,38,307","1,24,432",58.9 %,"37,508",3.7%
Bikaner,2,Rajasthan,Arjun Ram Meghwal,Bharatiya Janta Party,"20,48,399","11,18,282",54.6 %,"55,711",5.0%
Bilaspur,5,Chhattisgarh,Tokhan Sahu,Bharatiya Janta Party,"21,02,687","13,61,35",64.7 %,"1,64,558",12.1%
Birbhum,42,West Bengal,Satabdi Roy,All India Trinamool Congress,"18,57,022","15,27,432",82.3 %,"1,97,650",12.9%
Bishnupur,37,West Bengal,Khan Saumitra,Bharatiya Janta Party,"17,54,268","15,13,872",86.3 %,"5,567",0.4%
Bolangir,10,Odisha,Sangeeta Kumari Singh Deo,Bharatiya Janta Party,"18,01,744","14,,248",77.7 %,"1,32,664",9.5%
Bolpur,41,West Bengal,Asit Kumar Mal,All India Trinamool Congress,"18,39,234","15,28,47",83.1 %,"3,27,253",21.4%
Bulandshahr,14,Uttar Pradesh,Dr Bhola Singh,Bharatiya Janta Party,"18,59,462","1,54,399",56.7 %,"2,75,134",26.1%
Buldhana,5,Maharashtra,Jadhav Prataprao Ganpatrao,Shiv Sena,"17,82,700","11,9,496",62.2 %,"29,479",2.7%
Burdwan - Durg,39,West Bengal,Azad Kirti Jha,All India Trinamool Congress,"18,51,780","15,1,773",81.1 %,"1,37,981",9.2%
Buxar,33,Bihar,Sudhakar Singh,Rashtriya Janata Dal,"19,23,164","1,73,759",55.8 %,"30,091",2.8%
Chalakudy,11,Kerala,Benny Behanan,Indian National Congress,"13,10,529","9,51,287",72.6 %,"63,754",6.7%
Chamarajanagar,22,Karnataka,Sunil Bose,Indian National Congress,"17,78,310","13,69,797",77.0 %,"1,88,706",13.8%
Chandauli,76,Uttar Pradesh,Birendra Singh,Samajwadi Party,"18,43,196","11,16,499",60.6 %,"21,565",1.9%
Chandigarh,1,Chandigarh,Manish Tewari,Indian National Congress,"6,59,805","4,49,275",68.1 %,"2,504",0.6%
Chandni Chowk,1,Delhi,Praveen Khandelwal,Bharatiya Janta Party,"16,45,958","9,66,12",58.7 %,"89,325",9.2%
Chandrapur,13,Maharashtra,Dhanorkar Pratibha Suresh Alias Balubhau,Indian National Congress,"18,37,906","12,41,34",67.5 %,"2,60,406",21.0%
Chatra,4,Jharkhand,Kali Charan Singh,Bharatiya Janta Party,"16,89,926","1,86,374",64.3 %,"2,20,959",20.3%
Chelvella,10,Telangana,Konda Vishweshwar Reddy,Bharatiya Janta Party,"29,38,370","16,75,354",57.0 %,"1,72,897",10.3%
Chennai Centra,4,Tamil Nadu,Dayanidhi Maran,Dravida Munnetra Kazhagam,"13,50,161","7,3,549",54.1 %,"2,44,689",33.5%
Chennai North,2,Tamil Nadu,Dr.Kalanidhi Veeraswamy,Dravida Munnetra Kazhagam,"14,96,224","9,2,489",60.3 %,"3,39,222",37.6%
Chennai South,3,Tamil Nadu,T.Sumathy (ALIAS) THAMIZHACHI THANGAPANDIAN,Dravida Munnetra Kazhagam,"20,23,133","1,99,321",54.3 %,"2,25,945",20.6%
Chhindwara,16,Madhya Pradesh,Bunty Vivek Sahu,Bharatiya Janta Party,"16,32,190","13,4,827",79.9 %,"1,13,618",8.7%
Chhota Udaipur,21,Gujarat,Jashubhai Bhilubhai Rathva,Bharatiya Janta Party,"18,21,708","12,67,719",69.6 %,"3,98,777",31.5%
Chidambaram,27,Tamil Nadu,Thirumaavalavan Thol,Viduthalai Chiruthaigal Katchi,"15,19,847","11,67,71",76.8 %,"1,03,554",8.9%
Chikkballapur,27,Karnataka,Dr.K.Sudhakar,Bharatiya Janta Party,"19,81,347","15,3,82",77.3 %,"1,63,460",10.7%
Chikkodi,1,Karnataka,Priyanka Satish Jarkiholi,Indian National Congress,"17,61,694","13,93,93",79.1 %,"90,834",6.5%
Chitradurga,18,Karnataka,Govind Makthappa Karjol,Bharatiya Janta Party,"18,56,876","13,66,99",73.6 %,"48,121",3.5%
Chittoor,25,Andhra Pradesh,Daggumalla Prasada Rao,Telugu Desam,"16,40,202","14,18,857",86.5 %,"2,20,479",15.5%
Chittorgarh,21,Rajasthan,Chandra Prakash Joshi,Bharatiya Janta Party,"21,70,167","14,98,733",69.1 %,"3,89,877",26.0%
Churu,3,Rajasthan,Rahul Kaswan,Indian National Congress,"22,13,187","14,24,645",64.4 %,"72,737",5.1%
Coimbatore,20,Tamil Nadu,Ganapathy Rajkumar P,Dravida Munnetra Kazhagam,"21,06,124","13,72,833",65.2 %,"1,18,068",8.6%
Cooch Behar,1,West Bengal,Jagadish Chandra Barma Basunia,All India Trinamool Congress,"19,66,893","16,23,48",82.5 %,"39,250",2.4%
Cuddalore,26,Tamil Nadu,M.K. Vishnuprasad,Indian National Congress,"14,12,746","1,31,563",73.0 %,"1,85,896",18.0%
Cuttack,14,Odisha,Bhartruhari Mahtab,Bharatiya Janta Party,"15,71,622","11,2,795",71.3 %,"57,077",5.1%
Dadra And Nagar Haveli,1,Dadra & Nagar Haveli,Delkar Kalaben Mohanbhai,Bharatiya Janta Party,"2,83,024","2,5,588",72.6 %,"57,584",28.0%
Dahod,19,Gujarat,Jaswantsinh Sumanbhai Bhabhor,Bharatiya Janta Party,"18,75,136","11,18,294",59.6 %,"3,33,677",29.8%
Dakshina Kanna,17,Karnataka,Captain Brijesh Chowta,Bharatiya Janta Party,"18,17,603","14,15,77",77.9 %,"1,49,208",10.5%
Daman And Diu,1,Daman & Diu,Patel Umeshbhai Babubhai,Independent,"1,34,189","92,41",68.9 %,"6,225",6.7%
Damoh,7,Madhya Pradesh,Rahul Singh Lodhi,Bharatiya Janta Party,"19,25,314","1,88,944",56.6 %,"4,06,426",37.3%
Darbhanga,14,Bihar,Gopal Jee Thakur,Bharatiya Janta Party,"17,81,356","1,24,184",57.5 %,"1,78,156",17.4%
Darjeeling,4,West Bengal,Raju Bista,Bharatiya Janta Party,"17,65,744","13,27,412",75.2 %,"1,78,525",13.4%
Darrang-Udalguri,4,Assam,Dilip Saikia,Bharatiya Janta Party,"22,09,314","18,11,2",82.0 %,"3,29,012",18.2%
Dausa,11,Rajasthan,Murari Lal Meena,Indian National Congress,"18,99,304","1,72,734",56.5 %,"2,37,340",22.1%
Davanagere,13,Karnataka,Dr. Prabha Mallikarjun,Indian National Congress,"17,09,244","13,2,368",77.3 %,"26,094",2.0%
Deoria,66,Uttar Pradesh,Shashank Mani,Bharatiya Janta Party,"18,73,821","1,43,38",55.7 %,"34,842",3.3%
Dewas,21,Madhya Pradesh,Mahendra Singh Solanky,Bharatiya Janta Party,"19,40,472","14,69,14",75.7 %,"4,25,225",28.9%
Dhanbad,7,Jharkhand,Dulu Mahato,Bharatiya Janta Party,"22,85,237","14,28,7",62.5 %,"3,31,583",23.2%
Dhar,25,Madhya Pradesh,Savitri Thakur,Bharatiya Janta Party,"19,53,834","14,25,44",72.9 %,"2,18,665",15.3%
Dharmapuri,10,Tamil Nadu,Mani. A.,Dravida Munnetra Kazhagam,"15,24,896","12,47,832",81.8 %,"21,300",1.7%
Dharwad,11,Karnataka,Pralhad Joshi,Bharatiya Janta Party,"18,31,975","13,66,491",74.6 %,"97,324",7.1%
Dhaurahra,29,Uttar Pradesh,Anand Bhadauriya,Samajwadi Party,"17,19,345","11,11,847",64.7 %,"4,449",0.4%
Dhenkanal,9,Odisha,Rudra Narayan Pany,Bharatiya Janta Party,"15,29,785","11,91,673",77.9 %,"76,567",6.4%
Dhubri,2,Assam,Rakibul Hussain,Indian National Congress,"26,60,827","24,53,68",92.2 %,"10,12,476",41.3%
Dhule,2,Maharashtra,Bachhav Shobha Dinesh,Indian National Congress,"20,22,061","12,19,295",60.3 %,"3,831",0.3%
Diamond Harbou,21,West Bengal,Abhishek Banerjee,All India Trinamool Congress,"18,80,779","15,3,817",81.4 %,"7,10,930",46.4%
Dibrugarh,13,Assam,Sarbananda Sonowal,Bharatiya Janta Party,"16,59,588","12,78,322",77.0 %,"2,79,321",21.9%
Dindigul,22,Tamil Nadu,Sachithanantham R,Communist Party Of India (Marxist),"16,07,051","11,49,621",71.5 %,"4,43,821",38.6%
Dindori,20,Maharashtra,Bhaskar Murlidhar Bhagare,Nationalist Congress Party – Sharadchandra Pawar,"18,53,387","12,4,91",67.0 %,"1,13,199",9.1%
Diphu,6,Assam,Amarsing Tisso,Bharatiya Janta Party,"9,01,032","6,82,827",75.8 %,"1,47,603",21.6%
Domariyaganj,60,Uttar Pradesh,Jagdambika Pal,Bharatiya Janta Party,"19,61,845","1,18,965",51.9 %,"42,728",4.2%
Dum Dum,16,West Bengal,Sougata Ray,All India Trinamool Congress,"16,99,656","12,6,46",74.1 %,"70,660",5.6%
Dumka,2,Jharkhand,Nalin Soren,Jharkhand Mukti Morcha,"15,91,061","11,84,132",74.4 %,"22,527",1.9%
Durg,7,Chhattisgarh,Vijay Baghel,Bharatiya Janta Party,"20,90,414","15,42,787",73.8 %,"4,38,226",28.4%
East Delhi,3,Delhi,Harsh Malhotra,Bharatiya Janta Party,"21,20,584","12,64,49",59.6 %,"93,663",7.4%
Eluru,10,Andhra Pradesh,Putta Mahesh Kumar,Telugu Desam,"16,37,430","13,82,49",84.4 %,"1,81,857",13.2%
Ernakulam,12,Kerala,Hibi Eden,Indian National Congress,"13,24,047","9,1,52",68.8 %,"2,50,385",27.5%
Erode,17,Tamil Nadu,K E Prakash,Dravida Munnetra Kazhagam,"15,38,778","1,93,423",71.1 %,"2,36,566",21.6%
Etah,22,Uttar Pradesh,Devesh Shakya,Samajwadi Party,"17,00,524","1,1,381",59.4 %,"28,052",2.8%
Etawah,41,Uttar Pradesh,Jitendra Kumar Dohare,Samajwadi Party,"18,28,498","1,33,784",56.5 %,"58,419",5.7%
Faizabad,54,Uttar Pradesh,Awadhesh Prasad,Samajwadi Party,"19,27,459","11,4,661",59.2 %,"54,567",4.8%
Faridabad,10,Haryana,Krishan Pal,Bharatiya Janta Party,"24,30,212","14,71,322",60.5 %,"1,72,914",11.8%
Faridkot,9,Punjab,Sarabjeet Singh Khalsa,Independent,"15,94,033","1,14,455",63.6 %,"70,053",6.9%
Farrukhabad,40,Uttar Pradesh,Mukesh Rajput,Bharatiya Janta Party,"17,47,182","1,33,794",59.2 %,"2,678",0.3%
Fatehgarh Sahi,8,Punjab,Amar Singh,Indian National Congress,"15,52,567","9,74,256",62.8 %,"34,202",3.5%
Fatehpur,49,Uttar Pradesh,Naresh Chandra Uttam Patel,Samajwadi Party,"19,38,563","11,6,944",57.1 %,"33,199",3.0%
Fatehpur Sikri,19,Uttar Pradesh,Rajkumar Chahar,Bharatiya Janta Party,"17,98,823","1,34,155",57.5 %,"43,405",4.2%
Ferozpur,10,Punjab,Sher Singh Ghubaya,Indian National Congress,"16,70,008","11,25,115",67.4 %,"3,242",0.3%
Firozabad,20,Uttar Pradesh,Akshaya Yadav,Samajwadi Party,"18,90,772","11,7,296",58.6 %,"89,312",8.1%
Gadchiroli-Chi,12,Maharashtra,Dr. Kirsan Namdeo,Indian National Congress,"16,17,207","11,66,36",72.1 %,"1,41,696",12.1%
Gandhinagar,6,Gujarat,Amit Shah,Bharatiya Janta Party,"21,82,736","13,21,82",60.6 %,"7,44,716",56.3%
Ganganagar,1,Rajasthan,Kuldeep Indora,Indian National Congress,"21,02,002","14,13,494",67.3 %,"88,153",6.2%
Garhwal,2,Uttarakhand,Anil Baluni,Bharatiya Janta Party,"13,69,388","7,37,431",53.9 %,"1,63,503",22.2%
Gautam Buddha Nagar,13,Uttar Pradesh,Dr. Mahesh Sharma,Bharatiya Janta Party,"26,75,148","14,37,244",53.7 %,"5,59,472",38.9%
Gaya,38,Bihar,Jitan Ram Manjhi,Hindustani Awam Morcha (Secular),"18,16,815","9,63,676",53.0 %,"1,01,812",10.6%
Ghatal,32,West Bengal,Adhikari Deepak (DEV),All India Trinamool Congress,"19,39,945","16,,556",82.5 %,"1,82,868",11.4%
Ghaziabad,12,Uttar Pradesh,Atul Garg,Bharatiya Janta Party,"29,45,487","14,7,43",49.9 %,"3,36,965",22.9%
Ghazipur,75,Uttar Pradesh,Afzal Ansari,Samajwadi Party,"20,74,883","11,53,94",55.6 %,"1,24,861",10.8%
Ghosi,70,Uttar Pradesh,Rajeev Rai,Samajwadi Party,"20,83,928","11,5,59",55.2 %,"1,62,943",14.2%
Giridih,6,Jharkhand,Chandra Prakash Choudhary,Ajsu Party,"18,64,660","12,64,833",67.8 %,"80,880",6.4%
Godda,3,Jharkhand,Nishikant Dubey,Bharatiya Janta Party,"20,28,154","13,98,24",68.9 %,"1,01,813",7.3%
Gonda,59,Uttar Pradesh,Kirtivardhan Singh,Bharatiya Janta Party,"18,43,121","9,52,884",51.7 %,"46,224",4.9%
Gopalganj,17,Bihar,Dr. Alok Kumar Suman,Janata Dal (United),"20,24,673","1,63,27",52.5 %,"1,27,180",12.0%
Gorakhpur,64,Uttar Pradesh,Ravindra Shukla Alias Ravi Kishan,Bharatiya Janta Party,"20,97,202","11,54,413",55.1 %,"1,03,526",9.0%
Gulbarga,5,Karnataka,Radhakrishna,Indian National Congress,"20,98,202","13,1,477",62.5 %,"27,205",2.1%
Guna,4,Madhya Pradesh,Jyotiraditya M. Scindia,Bharatiya Janta Party,"18,89,551","13,73,766",72.7 %,"5,40,929",39.4%
Guntur,13,Andhra Pradesh,Dr Chandra Sekhar Pemmasani,Telugu Desam,"17,91,543","14,25,371",79.6 %,"3,44,695",24.2%
Gurdaspur,1,Punjab,Sukhjinder Singh Randhawa,Indian National Congress,"16,05,204","1,77,826",67.2 %,"82,861",7.7%
Gurgaon,9,Haryana,Rao Inderjit Singh,Bharatiya Janta Party,"25,73,411","16,1,232",62.2 %,"75,079",4.7%
Guwahati,5,Assam,Bijuli Kalita Medhi,Bharatiya Janta Party,"20,36,846","15,99,389",78.5 %,"2,51,090",15.7%
Gwalior,3,Madhya Pradesh,Bharat Singh Kushwah,Bharatiya Janta Party,"21,54,601","13,43,229",62.3 %,"70,210",5.2%
Hajipur,21,Bihar,Chirag Paswan,Lok Janshakti Party(Ram Vilas),"19,67,094","11,55,324",58.7 %,"1,70,105",14.7%
Hamirpur,3,Himachal Pradesh,Anurag Singh Thakur,Bharatiya Janta Party,"14,32,636","1,47,263",73.1 %,"1,82,357",17.4%
Hamirpur,47,Uttar Pradesh,Ajendra Singh Lodhi,Samajwadi Party,"18,39,761","11,15,299",60.6 %,"2,629",0.2%
Hardoi,31,Uttar Pradesh,Jai Prakash,Bharatiya Janta Party,"19,10,485","11,,116",57.6 %,"27,856",2.5%
Hardwar,5,Uttarakhand,Trivendra Singh Rawat,Bharatiya Janta Party,"20,35,726","13,2,623",64.0 %,"1,64,056",12.6%
Hassan,16,Karnataka,Shreyas. M. Patel,Indian National Congress,"17,36,610","13,55,7",78.0 %,"42,649",3.1%
Hathras,16,Uttar Pradesh,Anoop Pradhan Balmiki,Bharatiya Janta Party,"19,38,080","1,82,72",55.9 %,"2,47,318",22.8%
Hatkanangle,48,Maharashtra,Dhairyasheel Sambhajirao Mane,Shiv Sena,"18,14,277","12,96,24",71.4 %,"13,426",1.0%
Haveri,10,Karnataka,Basavaraj Bommai,Bharatiya Janta Party,"17,92,774","13,95,812",77.9 %,"43,513",3.1%
Hazaribagh,14,Jharkhand,Manish Jaiswal,Bharatiya Janta Party,"19,39,374","12,64,667",65.2 %,"2,76,686",21.9%
Hindupur,20,Andhra Pradesh,B K Parthasarathi,Telugu Desam,"16,56,775","14,16,339",85.5 %,"1,32,427",9.3%
Hingoli,15,Maharashtra,Aashtikar Patil Nagesh Bapurao,Shiv Sena (Uddhav Balasaheb Thackrey),"18,17,734","11,59,3",63.8 %,"1,08,602",9.4%
Hisar,4,Haryana,Jai Parkash (J P),Indian National Congress,"17,90,722","11,74,115",65.6 %,"63,381",5.4%
Hooghly,28,West Bengal,Rachna Banerjee,All India Trinamool Congress,"18,58,067","15,17,511",81.7 %,"76,853",5.1%
Hoshangabad,17,Madhya Pradesh,Darshan Singh Choudhary,Bharatiya Janta Party,"18,55,692","12,49,692",67.3 %,"4,31,696",34.5%
Hoshiarpur,5,Punjab,Dr. Raj Kumar Chabbewal,Aam Aadmi Party,"16,01,826","9,48,485",59.2 %,"44,111",4.7%
Howrah,25,West Bengal,Prasun Banerjee,All India Trinamool Congress,"17,69,184","12,71,796",71.9 %,"1,69,442",13.3%
Hyderabad,9,Telangana,Asaduddin Owaisi,All India Majlis-E-Ittehadul Muslimeen,"22,17,094","1,8,324",48.7 %,"3,38,087",31.3%
Idukki,13,Kerala,Adv. Dean Kuriakose,Indian National Congress,"12,50,157","8,4,657",67.2 %,"1,33,727",15.9%
Indore,26,Madhya Pradesh,Shankar Lalwani,Bharatiya Janta Party,"25,26,803","15,61,968",61.8 %,"11,75,092",75.2%
Inner Manipur,1,Manipur,Angomcha Bimol Akoijam,Indian National Congress,"9,91,574","7,96,897",80.4 %,"1,09,801",13.8%
Jabalpur,13,Madhya Pradesh,Ashish Dubey,Bharatiya Janta Party,"18,96,346","11,58,545",61.0 %,"4,86,674",42.0%
Jadavpur,22,West Bengal,Sayani Ghosh,All India Trinamool Congress,"20,33,525","15,66,59",77.0 %,"2,58,201",16.5%
Jagatsinghpur,16,Odisha,Bibhu Prasad Tarai,Bharatiya Janta Party,"17,00,814","12,86,287",75.6 %,"40,696",3.2%
Jahanabad,36,Bihar,Surendra Prasad Yadav,Rashtriya Janata Dal,"16,70,327","9,25,37",55.1 %,"1,42,591",15.4%
Jaipur,7,Rajasthan,Manju Sharma,Bharatiya Janta Party,"22,87,350","14,63,258",64.0 %,"3,31,767",22.7%
Jaipur Rural,6,Rajasthan,Rao Rajendra Singh,Bharatiya Janta Party,"21,84,978","12,62,54",57.8 %,"1,615",0.1%
Jajpur,8,Odisha,Rabindra Narayan Behera,Bharatiya Janta Party,"15,45,664","11,61,28",75.1 %,"1,587",0.1%
Jalandhar,4,Punjab,Charanjit Singh Channi,Indian National Congress,"16,54,005","9,89,17",59.8 %,"1,75,993",17.8%
Jalaun,45,Uttar Pradesh,Narayan Das Ahirwar,Samajwadi Party,"20,06,161","11,28,949",56.3 %,"53,898",4.8%
Jalgaon,3,Maharashtra,Smita Uday Wagh,Bharatiya Janta Party,"19,94,046","11,69,553",58.7 %,"2,51,594",21.5%
Jalna,18,Maharashtra,Kalyan Vaijinathrao Kale,Indian National Congress,"19,67,574","13,63,49",69.3 %,"1,09,958",8.1%
Jalore,18,Rajasthan,Lumbaram,Bharatiya Janta Party,"22,97,328","14,51,126",63.2 %,"2,01,543",13.9%
Jalpaiguri,3,West Bengal,Dr Jayanta Kumar Roy,Bharatiya Janta Party,"18,85,963","15,78,389",83.7 %,"86,693",5.5%
Jammu,5,Jammu and Kashmir,Jugal Kishore,Bharatiya Janta Party,"17,80,835","13,2,176",73.1 %,"1,35,498",10.4%
Jamnagar,12,Gujarat,Poonamben Hematbhai Maadam,Bharatiya Janta Party,"18,17,864","1,51,235",57.8 %,"2,38,008",22.6%
Jamshedpur,9,Jharkhand,Bidyut Baran Mahato,Bharatiya Janta Party,"18,69,278","12,77,629",68.4 %,"2,59,782",20.3%
Jamui,40,Bihar,Arun Bharti,Lok Janshakti Party(Ram Vilas),"19,07,126","9,79,233",51.4 %,"1,12,482",11.5%
Jangipur,9,West Bengal,Khalilur Rahaman,All India Trinamool Congress,"18,05,360","13,69,633",75.9 %,"1,16,637",8.5%
Janjgir-Champa,3,Chhattisgarh,Kamlesh Jangde,Bharatiya Janta Party,"20,56,047","13,92,24",67.7 %,"60,000",4.3%
Jaunpur,73,Uttar Pradesh,Babu Singh Kushwaha,Samajwadi Party,"19,77,237","11,1,788",55.7 %,"99,335",9.0%
Jhalawar-Baran,25,Rajasthan,Dushyant Singh,Bharatiya Janta Party,"20,30,525","14,21,331",70.0 %,"3,70,989",26.1%
Jhanjharpur,7,Bihar,Ramprit Mandal,Janata Dal (United),"20,03,040","1,93,741",54.6 %,"1,84,169",16.8%
Jhansi,46,Uttar Pradesh,Anurag Sharma,Bharatiya Janta Party,"21,61,221","13,8,56",63.9 %,"1,02,614",7.4%
Jhargram,33,West Bengal,Kalipada Saren (KHERWAL),All India Trinamool Congress,"17,79,794","14,9,843",83.8 %,"1,74,048",11.7%
Jhunjhunu,4,Rajasthan,Brijendra Singh Ola,Indian National Congress,"20,68,540","11,18,927",54.1 %,"18,235",1.6%
Jodhpur,16,Rajasthan,Gajendra Singh Shekhawat,Bharatiya Janta Party,"21,32,713","13,83,838",64.9 %,"1,15,677",8.4%
Jorhat,14,Assam,Gaurav Gogoi,Indian National Congress,"17,27,121","13,91,16",80.6 %,"1,44,393",10.4%
Joynagar,19,West Bengal,Pratima Mondal,All India Trinamool Congress,"18,44,780","14,82,631",80.3 %,"4,70,219",31.7%
Junagadh,13,Gujarat,Chudasama Rajeshbhai Naranbhai,Bharatiya Janta Party,"17,95,110","1,68,253",59.5 %,"1,35,494",12.7%
Kachchh,1,Gujarat,Chavda Vinod Lakhamshi,Bharatiya Janta Party,"19,43,136","1,95,157",56.4 %,"2,68,782",24.5%
Kadapa,21,Andhra Pradesh,Y. S. Avinash Reddy,Yuvajana Sramika Rythu Congress Party,"16,39,066","13,21,975",80.7 %,"62,695",4.7%
Kairana,2,Uttar Pradesh,Iqra Choudhary,Samajwadi Party,"17,22,432","1,79,86",62.7 %,"69,116",6.4%
Kaiserganj,57,Uttar Pradesh,Karan Bhushan Singh,Bharatiya Janta Party,"19,04,726","1,62,99",55.8 %,"1,48,843",14.0%
Kakinada,6,Andhra Pradesh,Tangella Uday Srinivas (TEA TIME UDAY),Janasena Party,"16,34,122","13,29,83",81.4 %,"2,29,491",17.3%
Kalahandi,11,Odisha,Malvika Devi,Bharatiya Janta Party,"17,00,780","13,34,244",78.5 %,"1,33,813",10.0%
Kallakurichi,14,Tamil Nadu,Malaiyarasan D,Dravida Munnetra Kazhagam,"15,68,681","12,49,568",79.7 %,"53,784",4.3%
Kalyan,24,Maharashtra,Dr Shrikant Eknath Shinde,Shiv Sena,"20,82,221","1,45,736",50.2 %,"2,09,144",20.0%
Kancheepuram,6,Tamil Nadu,Selvam. G,Dravida Munnetra Kazhagam,"17,48,866","12,59,578",72.0 %,"2,21,473",17.6%
Kandhamal,13,Odisha,Sukanta Kumar Panigrahi,Bharatiya Janta Party,"13,39,090","9,96,91",74.4 %,"21,371",2.1%
Kangra,1,Himachal Pradesh,Dr Rajeev Bhardwaj,Bharatiya Janta Party,"15,02,514","1,36,868",69.0 %,"2,51,895",24.3%
Kanker,11,Chhattisgarh,Bhojraj Nag,Bharatiya Janta Party,"16,54,440","12,65,429",76.5 %,"1,884",0.1%
Kannauj,42,Uttar Pradesh,Akhilesh Yadav,Samajwadi Party,"19,88,925","12,17,833",61.2 %,"1,70,922",14.0%
Kanniyakumari,39,Tamil Nadu,Vijayakumar (Alias) VIJAY VASANTH,Indian National Congress,"15,57,915","1,29,55",66.1 %,"1,79,907",17.5%
Kannur,2,Kerala,K. Sudhakaran,Indian National Congress,"13,58,368","1,63,855",78.3 %,"1,08,982",10.2%
Kanpur,43,Uttar Pradesh,Ramesh Awasthi,Bharatiya Janta Party,"16,62,859","8,87,396",53.4 %,"20,968",2.4%
Kanthi,31,West Bengal,Adhikari Soumendu,Bharatiya Janta Party,"17,94,537","15,3,997",85.3 %,"47,764",3.1%
Karakat,35,Bihar,Raja Ram Singh,Communist Party Of India (Marxist-Leninist) (Liberation),"18,81,191","1,31,618",53.7 %,"1,05,858",10.3%
Karauli-Dholpu,10,Rajasthan,Bhajan Lal Jatav,Indian National Congress,"19,75,352","9,88,122",50.0 %,"98,945",10.0%
Karimganj,7,Assam,Kripanath Mallah,Bharatiya Janta Party,"14,12,148","11,46,882",81.2 %,"18,360",1.6%
Karimnagar,3,Telangana,Bandi Sanjay Kumar,Bharatiya Janta Party,"17,97,150","13,12,852",73.1 %,"2,25,209",17.2%
Karnal,5,Haryana,Manohar Lal,Bharatiya Janta Party,"21,04,229","13,45,892",64.0 %,"2,32,577",17.3%
Karur,23,Tamil Nadu,Jothimani. S,Indian National Congress,"14,29,790","11,32,45",79.1 %,"1,66,816",14.7%
Kasaragod,1,Kerala,Rajmohan Unnithan,Indian National Congress,"14,52,230","11,12,546",76.6 %,"1,00,649",9.0%
Katihar,11,Bihar,Tariq Anwar,Indian National Congress,"18,33,009","11,71,546",63.9 %,"49,863",4.3%
Kaushambi,50,Uttar Pradesh,Pushpendra Saroj,Samajwadi Party,"19,09,620","1,9,329",52.9 %,"1,03,944",10.3%
Kaziranga,10,Assam,Kamakhya Prasad Tasa,Bharatiya Janta Party,"20,50,126","16,29,937",79.5 %,"2,48,947",15.3%
Kendrapara,15,Odisha,Baijayant Panda,Bharatiya Janta Party,"17,92,723","12,77,18",71.2 %,"66,536",5.2%
Keonjhar,4,Odisha,Ananta Nayak,Bharatiya Janta Party,"15,88,179","12,56,615",79.1 %,"97,042",7.7%
Khadoor Sahib,3,Punjab,Amritpal Singh,Independent,"16,67,797","1,47,165",62.8 %,"1,97,120",18.8%
Khagaria,25,Bihar,Rajesh Verma,Lok Janshakti Party(Ram Vilas),"18,40,217","1,61,894",57.7 %,"1,61,131",15.2%
Khajuraho,8,Madhya Pradesh,Vishnu Datt Sharma (V.D.SHARMA),Bharatiya Janta Party,"19,97,483","11,4,57",57.1 %,"5,41,229",47.5%
Khammam,17,Telangana,Ramasahayam Raghuram Reddy,Indian National Congress,"16,31,039","12,51,283",76.7 %,"4,67,847",37.4%
Khandwa,28,Madhya Pradesh,Gyaneshwar Patil,Bharatiya Janta Party,"21,12,203","15,12,542",71.6 %,"2,69,971",17.8%
Khargone,27,Madhya Pradesh,Gajendra Singh Patel,Bharatiya Janta Party,"20,46,030","15,58,778",76.2 %,"1,35,018",8.7%
Kheda,17,Gujarat,Devusinh Chauhan,Bharatiya Janta Party,"20,07,404","11,75,848",58.6 %,"3,57,758",30.4%
Kheri,28,Uttar Pradesh,Utkarsh Verma Madhur,Samajwadi Party,"18,70,170","12,13,359",64.9 %,"34,329",2.8%
Khunti,11,Jharkhand,Kali Charan Munda,Indian National Congress,"13,26,138","9,36,682",70.6 %,"1,49,675",16.0%
Kishanganj,10,Bihar,Mohammad Jawed,Indian National Congress,"18,29,994","11,51,99",62.9 %,"59,692",5.2%
Kodarma,5,Jharkhand,Annpurna Devi,Bharatiya Janta Party,"22,05,318","13,69,964",62.1 %,"3,77,014",27.5%
Kokrajhar,1,Assam,Joyanta Basumatary,United Peoples Party Liberal,"14,84,571","12,41,496",83.6 %,"51,583",4.2%
Kolar,28,Karnataka,M. Mallesh Babu,Janata Dal (Secular),"17,26,914","13,55,228",78.5 %,"71,388",5.3%
Kolhapur,47,Maharashtra,Chhatrapati Shahu Shahaji,Indian National Congress,"19,36,403","13,93,326",72.0 %,"1,54,964",11.1%
Kolkata Dakshi,23,West Bengal,Mala Roy,All India Trinamool Congress,"18,49,520","12,43,477",67.2 %,"1,87,231",15.1%
Kolkata Uttar,24,West Bengal,Bandyopadhyay Sudip,All India Trinamool Congress,"15,05,356","9,58,433",63.7 %,"92,560",9.7%
Kollam,18,Kerala,N K Premachandran,Revolutionary Socialist Party,"13,26,648","9,15,691",69.0 %,"1,50,302",16.4%
Koppal,8,Karnataka,K. Rajashekar Basavaraj Hitnal,Indian National Congress,"18,66,397","13,28,936",71.2 %,"46,357",3.5%
Koraput,21,Odisha,Saptagiri Sankar Ulaka,Indian National Congress,"14,80,922","11,48,842",77.6 %,"1,47,744",12.9%
Korba,4,Chhattisgarh,Jyotsna Charandas Mahant,Indian National Congress,"16,18,864","12,25,313",75.7 %,"43,283",3.5%
Kota,24,Rajasthan,Om Birla,Bharatiya Janta Party,"20,88,023","15,,157",71.9 %,"41,974",2.8%
Kottayam,14,Kerala,Adv K Francis George,Kerala Congress,"12,54,823","8,36,223",66.6 %,"87,266",10.4%
Kozhikode,5,Kerala,M. K. Raghavan,Indian National Congress,"14,29,631","1,9,5",76.3 %,"1,46,176",13.4%
Krishnagiri,9,Tamil Nadu,Gopinath K,Indian National Congress,"16,23,179","11,66,156",71.8 %,"1,92,486",16.5%
Krishnanagar,12,West Bengal,Mahua Moitra,All India Trinamool Congress,"17,55,631","14,25,712",81.2 %,"56,705",4.0%
Kurnool,18,Andhra Pradesh,Bastipati Nagaraju Panchalingala,Telugu Desam,"17,22,857","13,3,78",77.2 %,"1,11,298",8.4%
Kurukshetra,2,Haryana,Naveen Jindal,Bharatiya Janta Party,"17,94,300","12,5,872",67.2 %,"29,021",2.4%
Kushi Nagar,65,Uttar Pradesh,Vijay Kumar Dubay,Bharatiya Janta Party,"18,75,222","1,8,483",57.6 %,"81,790",7.6%
Ladakh,1,Ladakh,Mohmad Haneefa,Independent,"1,84,808","1,35,524",73.3 %,"27,862",20.6%
Lakhimpur,12,Assam,Pradan Baruah,Bharatiya Janta Party,"15,77,234","12,11,214",76.8 %,"2,01,257",16.6%
Lakshadweep,1,Lakshadweep,Muhammed Hamdullah Sayeed,Indian National Congress,"57,784","49,2",85.1 %,"2,647",5.4%
Lalganj,68,Uttar Pradesh,Daroga Prasad Saroj,Samajwadi Party,"18,38,882","1,3,438",54.6 %,"1,15,023",11.5%
Latur,41,Maharashtra,Dr. Kalge Shivaji Bandappa,Indian National Congress,"19,77,042","12,39,79",62.7 %,"61,881",5.0%
Lohardaga,12,Jharkhand,Sukhdeo Bhagat,Indian National Congress,"14,41,302","9,67,125",67.1 %,"1,39,138",14.4%
Lucknow,35,Uttar Pradesh,Raj Nath Singh,Bharatiya Janta Party,"21,72,171","11,36,892",52.3 %,"1,35,159",11.9%
Ludhiana,7,Punjab,Amrinder Singh Raja Warring,Indian National Congress,"17,58,614","1,59,157",60.2 %,"20,942",2.0%
Machhlishahr,74,Uttar Pradesh,Priya Saroj,Samajwadi Party,"19,40,605","1,6,63",54.6 %,"35,850",3.4%
Machilipatnam,11,Andhra Pradesh,Balashowry Vallabhaneni,Janasena Party,"15,39,460","13,12,4",85.2 %,"2,23,179",17.0%
Madha,43,Maharashtra,Mohite-Patil Dhairyasheel Rajsinh,Nationalist Congress Party – Sharadchandra Pawar,"19,91,454","12,73,418",63.9 %,"1,20,837",9.5%
Madhepura,13,Bihar,Dinesh Chandra Yadav,Janata Dal (United),"20,71,166","12,9,695",58.4 %,"1,74,534",14.4%
Madhubani,6,Bihar,Ashok Kumar Yadav,Bharatiya Janta Party,"19,34,980","1,27,728",53.1 %,"1,51,945",14.8%
Madurai,32,Tamil Nadu,Venkatesan S,Communist Party Of India (Marxist),"15,82,271","9,86,969",62.4 %,"2,09,409",21.2%
Mahabubabad,16,Telangana,Balram Naik Porika,Indian National Congress,"15,32,366","11,8,786",72.4 %,"3,49,165",31.5%
Maharajganj,63,Uttar Pradesh,Pankaj Chaudhary,Bharatiya Janta Party,"20,04,050","12,1,451",60.4 %,"35,451",2.9%
Maharajganj,19,Bihar,"Janardan Singh ""sigriwal""",Bharatiya Janta Party,"19,34,937","1,14,19",52.4 %,"1,02,651",10.1%
Mahasamund,9,Chhattisgarh,Roop Kumari Choudhary,Bharatiya Janta Party,"17,62,477","13,26,8",75.2 %,"1,45,456",11.0%
Mahbubnagar,11,Telangana,Aruna. D. K,Bharatiya Janta Party,"16,82,470","12,26,78",72.9 %,"4,500",0.4%
Mahesana,4,Gujarat,Haribhai Patel,Bharatiya Janta Party,"17,70,617","1,76,827",60.8 %,"3,28,046",30.5%
Mainpuri,21,Uttar Pradesh,Dimple Yadav,Samajwadi Party,"17,90,797","1,54,11",58.9 %,"2,21,639",21.0%
Malappuram,6,Kerala,E.T. Mohammed Basheer,Indian Union Muslim League,"14,79,921","1,85,182",73.3 %,"3,00,118",27.7%
Maldaha Dakshi,8,West Bengal,Isha Khan Choudhury,Indian National Congress,"17,82,159","13,69,789",76.9 %,"1,28,368",9.4%
Maldaha Uttar,7,West Bengal,Khagen Murmu,Bharatiya Janta Party,"18,62,035","14,17,589",76.1 %,"77,708",5.5%
Malkajgiri,7,Telangana,Eatala Rajender,Bharatiya Janta Party,"37,79,596","19,33,843",51.2 %,"3,91,475",20.2%
Mandi,2,Himachal Pradesh,Kangna Ranaut,Bharatiya Janta Party,"13,64,060","1,15,81",74.5 %,"74,755",7.4%
Mandla,14,Madhya Pradesh,Faggan Singh Kulaste,Bharatiya Janta Party,"21,01,811","15,35,632",73.1 %,"1,03,846",6.8%
Mandsour,23,Madhya Pradesh,Sudheer Gupta,Bharatiya Janta Party,"18,98,060","14,33,492",75.5 %,"5,00,655",34.9%
Mandya,20,Karnataka,H.D. Kumaraswamy,Janata Dal (Secular),"17,79,243","14,6,267",82.1 %,"2,84,620",19.5%
Mathura,17,Uttar Pradesh,Hemamalini Dharmendra Deol,Bharatiya Janta Party,"19,29,550","9,57,46",49.6 %,"2,93,407",30.7%
Mathurapur,20,West Bengal,Bapi Haldar,All India Trinamool Congress,"18,17,068","14,96,24",82.0 %,"2,01,057",13.4%
Maval,33,Maharashtra,Shrirang Appa Chandu Barne,Shiv Sena,"25,85,018","14,19,41",54.9 %,"96,615",6.8%
Mavelikkara,16,Kerala,Kodikunnil Suresh,Indian National Congress,"13,31,880","8,94,971",67.2 %,"10,868",1.2%
Mayiladuthurai,28,Tamil Nadu,Sudha R,Indian National Congress,"15,45,568","1,87,78",70.4 %,"2,71,183",24.9%
Mayurbhanj,5,Odisha,Naba Charan Majhi,Bharatiya Janta Party,"15,42,927","11,74,5",76.1 %,"2,19,334",18.7%
Medak,6,Telangana,Madhavaneni Raghunandan Rao,Bharatiya Janta Party,"18,28,210","13,86,239",75.8 %,"39,139",2.8%
Medinipur,34,West Bengal,June Maliah,All India Trinamool Congress,"18,11,243","14,81,563",81.8 %,"27,191",1.8%
Meerut,10,Uttar Pradesh,Arun Govil,Bharatiya Janta Party,"20,00,530","11,82,479",59.1 %,"10,585",0.9%
Mirzapur,79,Uttar Pradesh,Anupriya Patel,Apna Dal (Soneylal),"19,06,327","11,5,45",58.0 %,"37,810",3.4%
Misrikh,32,Uttar Pradesh,Ashok Kumar Rawat,Bharatiya Janta Party,"18,78,195","1,51,983",56.0 %,"33,406",3.2%
Mizoram,1,Mizoram,Richard Vanlalhmangaiha,Zoram People’s Movement,"8,56,364","4,91,336",57.4 %,"68,288",13.9%
Mohanlalganj,34,Uttar Pradesh,R.K. Chaudhary,Samajwadi Party,"21,87,232","13,77,452",63.0 %,"70,292",5.1%
Moradabad,6,Uttar Pradesh,Ruchi Vira,Samajwadi Party,"20,59,578","12,83,185",62.3 %,"1,05,762",8.2%
Morena,1,Madhya Pradesh,Shivmangal Singh Tomar,Bharatiya Janta Party,"20,06,730","11,87,331",59.2 %,"52,530",4.4%
Mumbai North,26,Maharashtra,Piyush Goyal,Bharatiya Janta Party,"18,11,942","1,35,493",57.2 %,"3,57,608",34.5%
Mumbai North Central,29,Maharashtra,Gaikwad Varsha Eknath,Indian National Congress,"17,44,128","9,1,562",52.2 %,"16,514",1.8%
Mumbai North East,28,Maharashtra,Sanjay Dina Patil,Shiv Sena (Uddhav Balasaheb Thackrey),"16,36,890","9,26,469",56.6 %,"29,861",3.2%
Mumbai North West,27,Maharashtra,Ravindra Dattaram Waikar,Shiv Sena,"17,35,088","9,54,939",55.0 %,48,0.0%
Mumbai South,31,Maharashtra,Arvind Ganpat Sawant,Shiv Sena (Uddhav Balasaheb Thackrey),"15,36,168","7,73,113",50.3 %,"52,673",6.8%
Mumbai South Central,30,Maharashtra,Anil Yeshwant Desai,Shiv Sena (Uddhav Balasaheb Thackrey),"14,74,405","7,94,524",53.9 %,"53,384",6.7%
Munger,28,Bihar,Rajiv Ranjan Singh Alias Lalan Singh,Janata Dal (United),"20,42,279","11,39,81",55.8 %,"80,870",7.1%
Murshidabad,11,West Bengal,Abu Taher Khan,All India Trinamool Congress,"18,88,097","15,41,559",81.7 %,"1,64,215",10.7%
Muzaffarnagar,3,Uttar Pradesh,Harendra Singh Malik,Samajwadi Party,"18,17,472","1,78,669",59.4 %,"24,672",2.3%
Muzaffarpur,15,Bihar,Raj Bhushan Choudhary,Bharatiya Janta Party,"18,66,106","11,12,46",59.6 %,"2,34,927",21.1%
Mysore,21,Karnataka,Yaduveer Krishnadatta Chamaraja Wadiyar,Bharatiya Janta Party,"20,92,222","14,84,473",71.0 %,"1,39,262",9.4%
Nabarangpur,12,Odisha,Balabhadra Majhi,Bharatiya Janta Party,"15,14,140","12,42,475",82.1 %,"87,536",7.0%
Nagaland,1,Nagaland,S Supongmeren Jamir,Indian National Congress,"13,17,536","7,6,796",57.7 %,"50,984",6.7%
Nagaon,9,Assam,Pradyut Bordoloi,Indian National Congress,"18,17,204","15,49,998",85.3 %,"2,12,231",13.7%
Nagapattinam,29,Tamil Nadu,Selvaraj V,Communist Party Of India,"13,45,120","9,73,11",72.3 %,"2,08,957",21.5%
Nagarkurnool,12,Telangana,Dr.Mallu Ravi,Indian National Congress,"17,38,254","12,19,223",70.1 %,"94,414",7.7%
Nagaur,14,Rajasthan,Hanuman Beniwal,Rashtriya Loktantrik Party,"21,46,725","12,38,473",57.7 %,"42,225",3.4%
Nagina,5,Uttar Pradesh,Chandrashekhar,Aazad Samaj Party (Kanshi Ram),"16,44,909","1,1,33",60.9 %,"1,51,473",15.1%
Nagpur,10,Maharashtra,Nitin Jairam Gadkari,Bharatiya Janta Party,"22,23,281","12,11,321",54.5 %,"1,37,603",11.4%
Nainital-Udham,4,Uttarakhand,Ajay Bhatt,Bharatiya Janta Party,"20,15,809","12,66,16",62.8 %,"3,34,548",26.4%
Nalanda,29,Bihar,Kaushalendra Kumar,Janata Dal (United),"22,88,240","11,44,383",49.9 %,"1,69,114",14.8%
Nalgonda,13,Telangana,Kunduru Raghuveer,Indian National Congress,"17,25,465","12,96,324",75.1 %,"5,59,905",43.2%
Namakkal,16,Tamil Nadu,Matheswaran V S,Dravida Munnetra Kazhagam,"14,52,562","11,46,33",78.9 %,"29,112",2.5%
Nanded,16,Maharashtra,Chavan Vasantrao Balwantrao,Indian National Congress,"18,51,843","11,28,254",60.9 %,"59,442",5.3%
Nandurbar,1,Maharashtra,Adv Gowaal Kagada Padavi,Indian National Congress,"19,70,327","13,93,669",70.7 %,"1,59,120",11.4%
Nandyal,17,Andhra Pradesh,Dr Byreddy Shabari,Telugu Desam,"17,21,013","14,4,418",81.6 %,"1,11,975",8.0%
Narasaraopet,14,Andhra Pradesh,Lavu Srikrishna Devarayalu,Telugu Desam,"17,34,858","14,99,569",86.4 %,"1,59,729",10.7%
Narsapuram,9,Andhra Pradesh,Bhupathi Raju Srinivasa Varma (B.J.P.VARMA),Bharatiya Janta Party,"14,72,923","12,3,994",83.6 %,"2,76,802",22.5%
Nashik,21,Maharashtra,Rajabhau (PARAG) PRAKASH WAJE,Shiv Sena (Uddhav Balasaheb Thackrey),"20,30,124","12,37,24",60.9 %,"1,62,001",13.1%
Navsari,25,Gujarat,C R Patil,Bharatiya Janta Party,"22,23,550","13,38,216",60.2 %,"7,73,551",57.8%
Nawada,39,Bihar,Vivek Thakur,Bharatiya Janta Party,"20,06,124","8,69,87",43.4 %,"67,670",7.8%
Nellore,22,Andhra Pradesh,Prabhakar Reddy Vemireddy,Telugu Desam,"17,12,274","13,75,649",80.3 %,"2,45,902",17.9%
New Delhi,4,Delhi,Bansuri Swaraj,Bharatiya Janta Party,"15,25,071","8,47,468",55.6 %,"78,370",9.2%
Nilgiris,19,Tamil Nadu,Raja A,Dravida Munnetra Kazhagam,"14,28,387","1,18,96",71.3 %,"2,40,585",23.6%
Nizamabad,4,Telangana,Arvind Dharmapuri,Bharatiya Janta Party,"17,04,867","12,33,581",72.4 %,"1,09,241",8.9%
North East Delhi,2,Delhi,Manoj Tiwari,Bharatiya Janta Party,"24,63,159","15,52,731",63.0 %,"1,38,778",8.9%
North Goa,1,Goa,Shripad Yesso Naik,Bharatiya Janta Party,"5,80,577","4,56,18",78.6 %,"1,16,015",25.4%
North West Delhi,5,Delhi,Yogender Chandoliya,Bharatiya Janta Party,"25,67,423","14,87,27",57.9 %,"2,90,849",19.6%
Ongole,16,Andhra Pradesh,Magunta Sreenivasulu Reddy,Telugu Desam,"16,07,832","14,22,214",88.5 %,"50,199",3.5%
Osmanabad,40,Maharashtra,Omprakash Bhupalsinh Alias Pavan Rajenimbalkar,Shiv Sena (Uddhav Balasaheb Thackrey),"19,92,737","12,81,52",64.3 %,"3,29,846",25.7%
Outer Manipur,2,Manipur,Alfred Kanngam S Arthur,Indian National Congress,"10,38,027","7,96,735",76.8 %,"85,418",10.7%
Palakkad,8,Kerala,V K Sreekandan,Indian National Congress,"13,98,143","1,35,836",74.1 %,"75,283",7.3%
Palamau,13,Jharkhand,Vishnu Dayal Ram,Bharatiya Janta Party,"22,43,034","13,9,738",62.0 %,"2,88,807",20.8%
Palghar,22,Maharashtra,Dr. Hemant Vishnu Savara,Bharatiya Janta Party,"21,48,514","13,76,74",64.1 %,"1,83,306",13.3%
Pali,15,Rajasthan,P. P. Chaudhary,Bharatiya Janta Party,"23,43,232","13,53,842",57.8 %,"2,45,351",18.1%
Panchmahal,18,Gujarat,Rajpalsinh Mahendrasinh Jadav,Bharatiya Janta Party,"18,96,743","11,31,497",59.7 %,"5,09,342",45.0%
Parbhani,17,Maharashtra,Jadhav Sanjay ( BANDU ) HARIBHAU,Shiv Sena (Uddhav Balasaheb Thackrey),"21,23,056","13,31,176",62.7 %,"1,34,061",10.1%
Paschim Champaran,2,Bihar,Dr.Sanjay Jaiswal,Bharatiya Janta Party,"17,56,078","1,86,256",61.9 %,"1,36,568",12.6%
Pataliputra,31,Bihar,Misha Bharti,Rashtriya Janata Dal,"20,73,685","12,3,99",59.3 %,"85,174",6.9%
Patan,3,Gujarat,Dabhi Bharatsinhji Shankarji,Bharatiya Janta Party,"20,19,916","11,93,125",59.1 %,"31,876",2.7%
Pathanamthitta,17,Kerala,Anto Antony,Indian National Congress,"14,29,700","9,19,569",64.3 %,"66,119",7.2%
Patiala,13,Punjab,Dr Dharamvira Gandhi,Indian National Congress,"18,06,424","11,51,743",63.8 %,"14,831",1.3%
Patna Sahib,30,Bihar,Ravi Shankar Prasad,Bharatiya Janta Party,"22,92,045","1,75,496",46.9 %,"1,53,846",14.3%
PC Name,No,State,Winning Candidate,Party,Electors,Votes,Turnout,Margin,Margin %
Peddapalle,2,Telangana,Vamsi Krishna Gaddam,Indian National Congress,"15,96,430","1,95,295",68.6 %,"1,31,364",12.0%
Perambalur,25,Tamil Nadu,Arun Nehru,Dravida Munnetra Kazhagam,"14,46,352","11,29,226",78.0 %,"3,89,107",34.5%
Phulpur,51,Uttar Pradesh,Praveen Patel,Bharatiya Janta Party,"20,67,043","1,14,824",49.1 %,"4,332",0.4%
Pilibhit,26,Uttar Pradesh,Jitin Prasada,Bharatiya Janta Party,"18,31,699","11,6,947",63.4 %,"1,64,935",14.2%
Pollachi,21,Tamil Nadu,Eswarasamy K,Dravida Munnetra Kazhagam,"15,97,467","11,26,45",70.4 %,"2,52,042",22.4%
Ponnani,7,Kerala,Dr. M.P Abdussamad Samadani,Indian Union Muslim League,"14,70,804","1,26,296",69.8 %,"2,35,760",23.0%
Porbandar,11,Gujarat,Dr. Mansukh Mandaviya,Bharatiya Janta Party,"17,68,212","9,28,977",52.5 %,"3,83,360",41.3%
Pratapgarh,39,Uttar Pradesh,Shiv Pal Singh Patel (DR. S P SINGH),Samajwadi Party,"18,33,312","9,47,288",51.7 %,"66,206",7.0%
Puducherry,1,Pondicherry,Ve Vaithilingam,Indian National Congress,"10,23,699","8,7,94",78.9 %,"1,36,516",16.9%
Pune,34,Maharashtra,Murlidhar Mohol,Bharatiya Janta Party,"20,61,276","11,4,572",53.6 %,"1,23,038",11.1%
Puri,17,Odisha,Sambit Patra,Bharatiya Janta Party,"15,86,465","11,96,938",75.5 %,"1,04,709",8.7%
Purnia,12,Bihar,Rajesh Ranjan Alias Pappu Yadav,Independent,"18,93,698","11,95,844",63.2 %,"23,847",2.0%
Purulia,35,West Bengal,Jyotirmay Singh Mahato,Bharatiya Janta Party,"18,23,120","14,34,18",78.7 %,"17,079",1.2%
Purvi Champaran,3,Bihar,Radha Mohan Singh,Bharatiya Janta Party,"17,90,761","1,73,688",60.0 %,"88,287",8.2%
Rae Bareli,36,Uttar Pradesh,Rahul Gandhi,Indian National Congress,"17,84,314","1,39,219",58.2 %,"3,90,030",37.5%
Raichur,6,Karnataka,G. Kumar Naik.,Indian National Congress,"20,10,103","12,99,619",64.7 %,"79,781",6.1%
Raigad,32,Maharashtra,Tatkare Sunil Dattatrey,Nationalist Congress Party,"16,68,372","1,13,272",60.7 %,"82,784",8.2%
Raiganj,5,West Bengal,Kartick Chandra Paul,Bharatiya Janta Party,"17,90,245","13,68,471",76.4 %,"68,197",5.0%
Raigarh,2,Chhattisgarh,Radheshyam Rathiya,Bharatiya Janta Party,"18,38,547","14,52,965",79.0 %,"2,40,391",16.5%
Raipur,8,Chhattisgarh,Brijmohan Agrawal,Bharatiya Janta Party,"23,75,379","15,86,755",66.8 %,"5,75,285",36.3%
Rajahmundry,8,Andhra Pradesh,Daggubati Purandheshwari,Bharatiya Janta Party,"16,23,149","13,25,297",81.7 %,"2,39,139",18.0%
Rajampet,24,Andhra Pradesh,P V Midhun Reddy,Yuvajana Sramika Rythu Congress Party,"16,65,702","13,32,939",80.0 %,"76,071",5.7%
Rajgarh,20,Madhya Pradesh,Rodmal Nagar,Bharatiya Janta Party,"18,75,211","14,28,997",76.2 %,"1,46,089",10.2%
Rajkot,10,Gujarat,Parshottambhai Rupala,Bharatiya Janta Party,"21,12,273","12,73,542",60.3 %,"4,84,260",38.0%
Rajmahal,1,Jharkhand,Vijay Kumar Hansdak,Jharkhand Mukti Morcha,"17,04,671","12,18,249",71.5 %,"1,78,264",14.6%
Rajnandgaon,6,Chhattisgarh,Santosh Pandey,Bharatiya Janta Party,"18,68,021","14,45,765",77.4 %,"44,411",3.1%
Rajsamand,22,Rajasthan,Mahima Kumari Mewar,Bharatiya Janta Party,"20,60,942","12,13,13",58.9 %,"3,92,223",32.3%
Ramanathapuram,35,Tamil Nadu,Navaskani K,Indian Union Muslim League,"16,17,688","11,9,853",68.6 %,"1,66,782",15.0%
Rampur,7,Uttar Pradesh,Mohibbullah,Samajwadi Party,"17,31,836","9,68,79",55.9 %,"87,434",9.0%
Ramtek,9,Maharashtra,Shyamkumar (Babalu) Daulat Barve,Indian National Congress,"20,49,085","12,52,512",61.1 %,"76,768",6.1%
Ranaghat,13,West Bengal,Jagannath Sarkar,Bharatiya Janta Party,"18,71,658","15,4,632",82.0 %,"1,86,899",12.1%
Ranchi,8,Jharkhand,Sanjay Seth,Bharatiya Janta Party,"21,97,331","14,47,781",65.9 %,"1,20,512",8.3%
Ratlam,24,Madhya Pradesh,Anita Nagarsingh Chouhan,Bharatiya Janta Party,"20,94,548","15,32,643",73.2 %,"2,07,232",13.5%
Ratnagiri - Si,46,Maharashtra,Narayan Tatu Rane,Bharatiya Janta Party,"14,51,630","9,14,38",63.0 %,"47,858",5.2%
Raver,4,Maharashtra,Khadse Raksha Nikhil,Bharatiya Janta Party,"18,21,750","11,71,666",64.3 %,"2,72,183",23.2%
Rewa,10,Madhya Pradesh,Janardan Mishra,Bharatiya Janta Party,"18,52,126","9,18,129",49.5 %,"1,93,374",21.1%
Robertsganj,80,Uttar Pradesh,Chhotelal,Samajwadi Party,"17,79,189","1,9,545",56.7 %,"1,29,234",12.8%
Rohtak,7,Haryana,Deepender Singh Hooda,Indian National Congress,"18,89,844","12,48,446",66.0 %,"3,45,298",27.7%
Sabarkantha,5,Gujarat,Shobhanaben Mahendrasinh Baraiya,Bharatiya Janta Party,"19,76,349","12,69,358",64.2 %,"1,55,682",12.3%
Sagar,5,Madhya Pradesh,Dr. Lata Wankhede,Bharatiya Janta Party,"17,45,690","11,5,549",65.9 %,"4,71,222",41.0%
Saharanpur,1,Uttar Pradesh,Imran Masood,Indian National Congress,"18,55,310","12,29,455",66.3 %,"64,542",5.2%
Salem,15,Tamil Nadu,Selvaganapathi T M,Dravida Munnetra Kazhagam,"16,58,681","13,4,844",78.7 %,"70,357",5.4%
Salempur,71,Uttar Pradesh,Ramashankar Rajbhar,Samajwadi Party,"17,76,982","9,17,362",51.6 %,"3,573",0.4%
Samastipur,23,Bihar,Shambhavi,Lok Janshakti Party(Ram Vilas),"18,18,530","1,94,592",60.2 %,"1,87,251",17.1%
Sambalpur,3,Odisha,Dharmendra Pradhan,Bharatiya Janta Party,"14,99,728","11,96,747",79.8 %,"1,19,836",10.0%
Sambhal,8,Uttar Pradesh,Zia Ur Rehman,Samajwadi Party,"18,98,202","11,94,983",63.0 %,"1,21,494",10.2%
Sangli,44,Maharashtra,Vishal (DADA) PRAKASHBAPU PATIL,Independent,"18,68,174","11,68,744",62.6 %,"1,00,053",8.6%
Sangrur,12,Punjab,Gurmeet Singh Meet Hayer,Aam Aadmi Party,"15,56,601","1,9,665",64.9 %,"1,72,560",17.1%
Sant Kabir Nagar,62,Uttar Pradesh,Laxmikant Pappu Nishad,Samajwadi Party,"20,71,964","1,91,22",52.7 %,"92,170",8.4%
Saran,20,Bihar,Rajiv Pratap Rudy,Bharatiya Janta Party,"17,95,010","1,21,58",56.9 %,"13,661",1.3%
Sarguja,1,Chhattisgarh,Chintamani Maharaj,Bharatiya Janta Party,"18,19,347","14,55,269",80.0 %,"64,822",4.5%
Sasaram,34,Bihar,Manoj Kumar,Indian National Congress,"19,10,368","1,97,75",57.4 %,"19,157",1.7%
Satara,45,Maharashtra,Shrimant Chh Udayanraje Pratapsinhamaharaj Bhonsle,Bharatiya Janta Party,"18,89,740","11,98,4",63.4 %,"32,771",2.7%
Satna,9,Madhya Pradesh,Ganesh Singh,Bharatiya Janta Party,"17,05,260","1,58,972",62.1 %,"84,949",8.0%
Secundrabad,8,Telangana,G. Kishan Reddy,Bharatiya Janta Party,"21,20,401","1,47,659",49.4 %,"49,944",4.8%
Shahdol,12,Madhya Pradesh,Smt. Himadri Singh,Bharatiya Janta Party,"17,77,185","11,52,13",64.8 %,"3,97,340",34.5%
Shahjahanpur,27,Uttar Pradesh,Arun Kumar Sagar,Bharatiya Janta Party,"23,31,834","12,47,92",53.5 %,"55,379",4.4%
Sheohar,4,Bihar,Lovely Anand,Janata Dal (United),"18,32,745","1,55,62",57.6 %,"29,143",2.8%
Shillong,1,Meghalaya,Dr. Ricky Andrew J. Syngkon,Voice Of The People Party,"14,00,411","1,37,911",74.1 %,"3,71,910",35.8%
Shimla,4,Himachal Pradesh,Suresh Kumar Kashyap,Bharatiya Janta Party,"13,46,369","9,69,965",72.0 %,"91,451",9.4%
Shimoga,14,Karnataka,B.Y.Raghavendra,Bharatiya Janta Party,"17,52,885","13,77,224",78.6 %,"2,43,715",17.7%
Shirdi,38,Maharashtra,Bhausaheb Rajaram Wakchaure,Shiv Sena (Uddhav Balasaheb Thackrey),"16,77,335","1,59,864",63.2 %,"50,529",4.8%
Shirur,36,Maharashtra,Dr. Amol Ramsing Kolhe,Nationalist Congress Party – Sharadchandra Pawar,"25,39,702","13,74,464",54.1 %,"1,40,951",10.3%
Shrawasti,58,Uttar Pradesh,Ram Shiromani Verma,Samajwadi Party,"19,80,381","1,46,528",52.8 %,"76,673",7.3%
Sidhi,11,Madhya Pradesh,Dr. Rajesh Mishra,Bharatiya Janta Party,"20,28,451","11,47,264",56.6 %,"2,06,416",18.0%
Sikar,5,Rajasthan,Amraram,Communist Party Of India (Marxist),"22,14,900","13,,856",58.7 %,"72,896",5.6%
Sikkim,1,Sikkim,Indra Hang Subba,Sikkim Krantikari Morcha,"4,64,140","3,84,893",82.9 %,"80,830",21.0%
Silchar,8,Assam,Parimal Suklabaidya,Bharatiya Janta Party,"13,69,578","1,89,426",79.5 %,"2,64,311",24.3%
Singhbhum,10,Jharkhand,Joba Majhi,Jharkhand Mukti Morcha,"14,47,562","1,7,597",69.6 %,"1,68,402",16.7%
Sirsa,3,Haryana,Selja,Indian National Congress,"19,37,689","13,54,632",69.9 %,"2,68,497",19.8%
Sitamarhi,5,Bihar,Devesh Chandra Thakur,Janata Dal (United),"19,47,996","1,93,992",56.2 %,"51,356",4.7%
Sitapur,30,Uttar Pradesh,Rakesh Rathor,Indian National Congress,"17,59,943","11,2,15",62.6 %,"89,641",8.1%
Sivaganga,31,Tamil Nadu,Karti P Chidambaram,Indian National Congress,"16,33,857","1,53,419",64.5 %,"2,05,664",19.5%
Siwan,18,Bihar,Vijaylakshmi Devi,Janata Dal (United),"18,96,512","9,98,18",52.6 %,"92,857",9.3%
Solapur,42,Maharashtra,Praniti Sushilkumar Shinde,Indian National Congress,"20,30,119","12,4,485",59.3 %,"74,197",6.2%
Sonipat,6,Haryana,Satpal Brahamchari,Indian National Congress,"17,66,624","11,23,944",63.6 %,"21,816",1.9%
Sonitpur,11,Assam,Ranjit Dutta,Bharatiya Janta Party,"16,33,800","12,88,468",78.9 %,"3,61,408",28.0%
South Delhi,7,Delhi,Ramvir Singh Bidhuri,Bharatiya Janta Party,"22,91,764","12,95,998",56.6 %,"1,24,333",9.6%
South Goa,2,Goa,Captain Viriato Fernandes,Indian National Congress,"5,98,767","4,5,52",75.2 %,"13,535",3.0%
Srerampur,27,West Bengal,Kalyan Banerjee,All India Trinamool Congress,"19,26,645","14,76,532",76.6 %,"1,74,830",11.8%
Srikakulam,2,Andhra Pradesh,Kinjarapu Rammohan Naidu,Telugu Desam,"16,31,174","12,35,686",75.8 %,"3,27,901",26.5%
Srinagar,2,Jammu and Kashmir,Aga Syed Ruhullah Mehdi,Jammu and Kashmir National Conference,"17,47,810","6,75,242",38.6 %,"1,88,416",27.9%
Sriperumbudur,5,Tamil Nadu,T R Baalu,Dravida Munnetra Kazhagam,"23,82,119","14,4,935",60.5 %,"4,87,029",33.8%
Sultanpur,38,Uttar Pradesh,Rambhual Nishad,Samajwadi Party,"18,52,590","1,33,387",55.8 %,"43,174",4.2%
Sundargarh,2,Odisha,Jual Oram,Bharatiya Janta Party,"15,76,105","11,55,777",73.3 %,"1,38,808",12.0%
Supaul,8,Bihar,Dileshwar Kamait,Janata Dal (United),"19,27,207","12,31,114",63.9 %,"1,69,803",13.8%
Surat,24,Gujarat,Mukesh Dalal,Bharatiya Janta Party,"16,06,425",,,,
Surendranagar,9,Gujarat,Chandubhai Chhaganbhai Shihora,Bharatiya Janta Party,"20,33,419","11,31,377",55.6 %,"2,61,617",23.1%
Tamluk,30,West Bengal,Abhijit Gangopadhyay,Bharatiya Janta Party,"18,50,741","15,77,319",85.2 %,"77,733",4.9%
Tehri Garhwal,1,Uttarakhand,Mala Rajya Lakshmi Shah,Bharatiya Janta Party,"15,77,664","8,62,41",54.6 %,"2,72,493",31.6%
Tenkasi,37,Tamil Nadu,Dr Rani Sri Kumar,Dravida Munnetra Kazhagam,"15,25,439","1,39,119",68.1 %,"1,96,199",18.9%
Thane,25,Maharashtra,Naresh Ganpat Mhaske,Shiv Sena,"25,07,372","13,9,68",52.2 %,"2,17,011",16.6%
Thanjavur,30,Tamil Nadu,Murasoli S,Dravida Munnetra Kazhagam,"15,01,226","1,28,76",68.5 %,"3,19,583",31.1%
Theni,33,Tamil Nadu,Thanga Tamilselvan,Dravida Munnetra Kazhagam,"16,22,949","11,41,219",70.3 %,"2,78,825",24.4%
Thiruvallur,1,Tamil Nadu,Sasikanth Senthil,Indian National Congress,"20,85,991","14,17,812",68.0 %,"5,72,155",40.4%
Thiruvananthapuram,20,Kerala,Shashi Tharoor,Indian National Congress,"14,30,531","9,62,983",67.3 %,"16,077",1.7%
Thoothukkudi,36,Tamil Nadu,Kanimozhi Karunanidhi,Dravida Munnetra Kazhagam,"14,58,430","9,78,526",67.1 %,"3,92,738",40.1%
Thrissur,10,Kerala,Suresh Gopi,Bharatiya Janta Party,"14,83,055","1,9,876",73.6 %,"74,686",6.8%
Tikamgarh,6,Madhya Pradesh,Dr. Virendra Kumar,Bharatiya Janta Party,"18,26,585","1,98,39",60.1 %,"4,03,312",36.7%
Tiruchirappall,24,Tamil Nadu,Durai Vaiko,Marumalarchi Dravida Munnetra Kazhagam,"15,53,985","1,55,964",68.0 %,"3,13,094",29.7%
Tirunelveli,38,Tamil Nadu,Robert Bruce C,Indian National Congress,"16,54,503","1,67,448",64.5 %,"1,65,620",15.5%
Tirupati,23,Andhra Pradesh,Gurumoorthy Maddila,Yuvajana Sramika Rythu Congress Party,"17,29,832","13,82,57",79.9 %,"14,569",1.1%
Tiruppur,18,Tamil Nadu,"Subbarayan, K.",Communist Party Of India,"16,08,521","11,42,549",71.0 %,"1,25,928",11.0%
Tiruvannamalai,11,Tamil Nadu,"Annadurai, C.N.",Dravida Munnetra Kazhagam,"15,33,099","11,46,273",74.7 %,"2,33,931",20.4%
Tonk-Sawai Mad,12,Rajasthan,Harish Chandra Meena,Indian National Congress,"21,48,128","12,26,584",57.1 %,"64,949",5.3%
Tripura East,2,Tripura,Kriti Devi Debbarman,Bharatiya Janta Party,"13,96,761","11,34,345",81.2 %,"4,86,819",42.9%
Tripura West,1,Tripura,Biplab Kumar Deb,Bharatiya Janta Party,"14,63,526","12,9,89",82.7 %,"6,11,578",50.6%
Tumkur,19,Karnataka,V. Somanna,Bharatiya Janta Party,"16,61,309","13,3,451",78.5 %,"1,75,594",13.5%
Tura,2,Meghalaya,Saleng A Sangma,Indian National Congress,"8,26,156","6,74,56",81.6 %,"1,55,241",23.0%
Udaipur,19,Rajasthan,Manna Lal Rawat,Bharatiya Janta Party,"22,30,971","14,98,376",67.2 %,"2,61,608",17.5%
Udhampur,4,Jammu and Kashmir,Dr Jitendra Singh,Bharatiya Janta Party,"16,23,195","11,13,727",68.6 %,"1,24,373",11.2%
Udupi Chikmaga,15,Karnataka,Kota Srinivas Poojary,Bharatiya Janta Party,"15,85,162","12,29,418",77.6 %,"2,59,175",21.1%
Ujiarpur,22,Bihar,Nityanand Rai,Bharatiya Janta Party,"17,45,408","1,42,68",59.7 %,"60,102",5.8%
Ujjain,22,Madhya Pradesh,Anil Firojiya,Bharatiya Janta Party,"17,98,704","13,28,58",73.7 %,"3,75,860",28.3%
Uluberia,26,West Bengal,Sajda Ahmed,All India Trinamool Congress,"17,41,438","13,9,794",79.9 %,"2,18,673",15.7%
Unnao,33,Uttar Pradesh,Swami Sachchidanand Hari Sakshi,Bharatiya Janta Party,"23,41,740","13,2,271",55.6 %,"35,818",2.8%
Uttara Kannada,12,Karnataka,Vishweshwar Hegde Kageri,Bharatiya Janta Party,"16,41,156","12,62,761",76.9 %,"3,37,428",26.7%
Vadakara,3,Kerala,Shafi Parambil,Indian National Congress,"14,21,883","11,22,947",79.0 %,"1,14,506",10.2%
Vadodara,20,Gujarat,Dr. Hemang Joshi,Bharatiya Janta Party,"19,49,573","12,12,149",62.2 %,"5,82,126",48.0%
Vaishali,16,Bihar,Veena Devi,Lok Janshakti Party(Ram Vilas),"18,69,178","11,72,6",62.7 %,"89,634",7.6%
Valmiki Nagar,1,Bihar,Sunil Kumar,Janata Dal (United),"18,27,281","11,1,83",60.3 %,"98,675",9.0%
Valsad,26,Gujarat,Dhaval Laxmanbhai Patel,Bharatiya Janta Party,"18,59,974","13,61,411",73.2 %,"2,10,704",15.5%
Varanasi,77,Uttar Pradesh,Narendra Modi,Bharatiya Janta Party,"19,97,578","11,3,143",56.6 %,"1,52,513",13.5%
Vellore,8,Tamil Nadu,Dm Kathir Anand,Dravida Munnetra Kazhagam,"15,28,273","11,29,458",73.9 %,"2,15,702",19.1%
Vidisha,18,Madhya Pradesh,Shivraj Singh Chouhan,Bharatiya Janta Party,"19,45,404","14,55,658",74.8 %,"8,21,408",56.4%
Vijayawada,12,Andhra Pradesh,Kesineni Sivanath (CHINNI),Telugu Desam,"17,04,077","13,64,45",80.1 %,"2,82,085",20.7%
Viluppuram,13,Tamil Nadu,Ravikumar. D,Viduthalai Chiruthaigal Katchi,"15,03,115","11,52,667",76.7 %,"70,703",6.1%
Virudhunagar,34,Tamil Nadu,Manickam Tagore B,Indian National Congress,"15,01,942","1,61,91",70.7 %,"4,379",0.4%
Visakhapatnam,4,Andhra Pradesh,Sribharat Mathukumili,Telugu Desam,"19,27,303","13,87,125",72.0 %,"5,04,247",36.4%
Vizianagaram,3,Andhra Pradesh,Appalanaidu Kalisetti,Telugu Desam,"15,85,206","12,99,242",82.0 %,"2,49,351",19.2%
Warangal,15,Telangana,Kadiyam Kavya,Indian National Congress,"18,24,466","12,67,946",69.5 %,"2,20,339",17.4%
Wardha,8,Maharashtra,Amar Sharadrao Kale,Nationalist Congress Party – Sharadchandra Pawar,"16,82,771","1,95,12",65.1 %,"81,648",7.5%
Wayanad,4,Kerala,Rahul Gandhi,Indian National Congress,"14,62,423","1,84,653",74.2 %,"3,64,422",33.6%
West Delhi,6,Delhi,Kamaljeet Sehrawat,Bharatiya Janta Party,"25,87,977","15,24,494",58.9 %,"1,99,013",13.1%
Yavatmal-Washi,14,Maharashtra,Sanjay Uttamrao Deshmukh,Shiv Sena (Uddhav Balasaheb Thackrey),"19,40,916","12,25,53",63.1 %,"94,473",7.7%
Zahirabad,5,Telangana,Suresh Kumar Shetkar,Indian National Congress,"16,41,410","12,36,593",75.3 %,"46,188",3.7%
